code,occupation_table1,occupation_table2,similarity_percentage,match_ranking,method_used,threshold_used,similarity_semantic
006,Paramedics,Paramedic,100.0,1,semantic,0.3,100.0
006,Technician,Technician,100.0,1,semantic,0.3,100.0
012,Ambulance care assistant,Ambulance Care Assistant,100.0,1,semantic,0.3,100.0
004,Paramedics,Advanced Paramedic,95.25,2,semantic,0.3,95.25
006,Health visiting,Health Visitor,92.95,1,semantic,0.3,92.95
009,Physician assistant,Healthcare Assistant,92.27,1,semantic,0.3,92.27
004,Physician assistant,Healthcare Assistant,92.27,2,semantic,0.3,92.27
005,Physician assistant,Healthcare Assistant,92.27,3,semantic,0.3,92.27
007,Maintenance and estates,Estates (maintenance & works),90.56,3,semantic,0.3,90.56
002,Maintenance and estates,Estates (maintenance & works),90.56,1,semantic,0.3,90.56
008,Maintenance and estates,Estates (maintenance & works),90.56,2,semantic,0.3,90.56
007,Ambulance care assistant,Ambulance Technician / Associate Practitioner,90.01,2,semantic,0.3,90.01
001,Paramedics,Consultant Paramedic,87.94,3,semantic,0.3,87.94
001,Neonatal nursing,Nursery Nurse,87.17,1,semantic,0.3,87.17
001,Specialist nursing,Nurse Consultant,87.07,1,semantic,0.3,87.07
000a,Specialist nursing,Nursing Associate,86.52,2,semantic,0.3,86.52
001,Play specialists (nursery nurses),Nursery Nurse,86.33,1,semantic,0.3,86.33
009,School nursing,Qualified School Nurse,85.45,1,semantic,0.3,85.45
004,Specialist nursing,Nursing Assistant Practitioner,83.93,3,semantic,0.3,83.93
007,District nursing,District Nurse - 1st Level,83.14,1,semantic,0.3,83.14
004,Practice nursing,Nursing Assistant Practitioner,82.99,1,semantic,0.3,82.99
000a,Practice nursing,Nursing Associate,82.89,2,semantic,0.3,82.89
005,Neonatal midwifery,Midwives,82.58,1,semantic,0.3,82.58
005,Neonatal nursing,Children's Nurse,82.34,2,semantic,0.3,82.34
008,District nursing,District Nurse - 2nd Level,81.93,2,semantic,0.3,81.93
001,Practice nursing,Nurse Consultant,81.85,3,semantic,0.3,81.85
001,Staff nursery,Nursery Nurse,80.88,1,semantic,0.3,80.88
005,Community children's nursing,Children's Nurse,80.42,1,semantic,0.3,80.42
004,Ambulance care assistant,Healthcare Assistant,80.36,3,semantic,0.3,80.36
001,School nursing,Nursery Nurse,79.67,2,semantic,0.3,79.67
000a,District nursing,Nursing Associate,79.66,3,semantic,0.3,79.66
001,Treatment room nurses,Nurse Consultant,79.61,1,semantic,0.3,79.61
004,Treatment room nurses,Nurse Manager,78.31,2,semantic,0.3,78.31
005,Play specialists (nursery nurses),Children's Nurse,77.7,2,semantic,0.3,77.7
000a,School nursing,Nursing Associate,77.54,3,semantic,0.3,77.54
000a,Treatment room nurses,Nursing Associate,77.07,3,semantic,0.3,77.07
000a,Public health nursing,Nursing Associate,76.62,1,semantic,0.3,76.62
004,Public health nursing,Nursing Assistant Practitioner,76.45,2,semantic,0.3,76.45
007,Learning disabilities,Community Learning Disabilities Nurse - 1st Level,76.27,1,semantic,0.3,76.27
003,Clinical psychology and counselling,Therapist,74.43,1,semantic,0.3,74.43
005,Midwifery (exc neonatal),Midwives,74.26,1,semantic,0.3,74.26
004,Biomedical sciences life,Healthcare Scientist,74.01,1,semantic,0.3,74.01
003,Dental therapist,Therapist,73.64,1,semantic,0.3,73.64
001,Clinical psychology and counselling,Consultant Therapist / Scientist,73.63,2,semantic,0.3,73.63
001,Play specialists (nursery nurses),Nurse Consultant,73.09,3,semantic,0.3,73.09
001,Support to clinical staff,Consultant Therapist / Scientist,72.98,1,semantic,0.3,72.98
001,Public health nursing,Nurse Consultant,72.89,3,semantic,0.3,72.89
004,Biomedical sciences life,Scientist,72.51,2,semantic,0.3,72.51
001,Community children's nursing,Nursery Nurse,72.49,2,semantic,0.3,72.49
003,Operating department practitioners,Trainee Healthcare Science Practitioner,72.14,1,semantic,0.3,72.14
007,Community children's nursing,Community Mental Health Nurse - 1st Level,71.91,3,semantic,0.3,71.91
004,Clinical sciences physiology,Scientist,71.26,1,semantic,0.3,71.26
001,Support to clinical staff,Consultant Healthcare Scientist,71.08,2,semantic,0.3,71.08
005,Operating department practitioners,Specialist Healthcare Science Practitioner,70.79,2,semantic,0.3,70.79
004,Clinical sciences life,Healthcare Scientist,70.6,1,semantic,0.3,70.6
005,Operating department practitioners,Specialist Practitioner,70.5,3,semantic,0.3,70.5
009,Oral healthcare practitioners,Healthcare Assistant,70.44,1,semantic,0.3,70.44
004,Oral healthcare practitioners,Healthcare Assistant,70.44,2,semantic,0.3,70.44
005,Oral healthcare practitioners,Healthcare Assistant,70.44,3,semantic,0.3,70.44
001,Dental therapist,Consultant Therapist / Scientist,70.22,2,semantic,0.3,70.22
003,Physiotherapy,Therapist,69.94,1,semantic,0.3,69.94
005,Staff nursery,Children's Nurse,69.58,2,semantic,0.3,69.58
004,Clinical sciences physiology,Healthcare Scientist,69.57,2,semantic,0.3,69.57
004,Clinical sciences life,Scientist,69.44,2,semantic,0.3,69.44
001,Support to clinical staff,Nurse Consultant,69.44,3,semantic,0.3,69.44
004,Clinical sciences physical,Scientist,68.63,1,semantic,0.3,68.63
006,Clinical sciences life,Healthcare Science Practitioner,68.24,3,semantic,0.3,68.24
006,Biomedical sciences life,Healthcare Science Practitioner,67.97,3,semantic,0.3,67.97
001,Dental nurse,Nurse Consultant,67.91,1,semantic,0.3,67.91
003,Orthodontic therapist,Therapist,67.33,1,semantic,0.3,67.33
004,Clinical sciences physical,Healthcare Scientist,67.2,2,semantic,0.3,67.2
007,Training & administration,Clerical & administrative,67.09,2,semantic,0.3,67.09
006,Training & administration,Clerical & administrative,67.09,3,semantic,0.3,67.09
001,Training & administration,Clerical & administrative,67.09,1,semantic,0.3,67.09
010,Occupational therapy,Support Worker,67.06,1,semantic,0.3,67.06
005,Occupational therapy,Support Worker,67.06,2,semantic,0.3,67.06
006,Occupational therapy,Support Worker,67.06,3,semantic,0.3,67.06
004,Dental nurse,Nurse Manager,66.71,2,semantic,0.3,66.71
001,Neonatal midwifery,Nursery Nurse,66.49,2,semantic,0.3,66.49
002,Technician,Trainee Healthcare Scientist,66.19,2,semantic,0.3,66.19
005,Clinical dental technician,Specialist Practitioner,65.81,1,semantic,0.3,65.81
004,Dental nurse,Nursing Assistant Practitioner,65.78,3,semantic,0.3,65.78
004,Clinical technology physical,Healthcare Scientist,65.25,1,semantic,0.3,65.25
003,Clinical sciences physiology,Specialist Healthcare Scientist,65.14,3,semantic,0.3,65.14
005,Technician,Scientific Officer,65.0,3,semantic,0.3,65.0
001,Orthodontic therapist,Consultant Therapist / Scientist,64.88,2,semantic,0.3,64.88
006,Dental technician,Technician,64.82,1,semantic,0.3,64.82
008,Mental health,Community Mental Health Nurse - 2nd Level,64.15,1,semantic,0.3,64.15
007,Mental health,Community Mental Health Nurse - 1st Level,64.1,2,semantic,0.3,64.1
003,Clinical sciences physical,Specialist Healthcare Scientist,64.03,3,semantic,0.3,64.03
006,Health promotion,Health Visitor,62.94,1,semantic,0.3,62.94
004,Clinical physiology,Healthcare Scientist,62.83,1,semantic,0.3,62.83
005,Neonatal nursing,Midwives,62.63,3,semantic,0.3,62.63
004,Clinical technology life,Healthcare Scientist,62.58,1,semantic,0.3,62.58
005,Dental therapist,Specialist Practitioner,62.52,3,semantic,0.3,62.52
003,Clinical technology physical,Specialist Healthcare Scientist,62.48,2,semantic,0.3,62.48
002,Clinical technology physical,Trainee Healthcare Scientist,62.47,3,semantic,0.3,62.47
001,Clinical dental technician,Consultant Healthcare Scientist,61.86,2,semantic,0.3,61.86
001,Physiotherapy,Consultant Therapist / Scientist,61.76,2,semantic,0.3,61.76
006,Clinical dental technician,Technician,61.76,3,semantic,0.3,61.76
005,Orthodontic therapist,Specialist Practitioner,61.56,3,semantic,0.3,61.56
099,Other,Unknown,61.2,1,semantic,0.3,61.2
002,Clinical technology life,Trainee Healthcare Scientist,61.15,2,semantic,0.3,61.15
004,Clinical physiology,Scientist,60.26,2,semantic,0.3,60.26
001,Clinical technology life,Consultant Healthcare Scientist,60.15,3,semantic,0.3,60.15
001,Sexual and reproductive health nursing,Nursery Nurse,59.69,1,semantic,0.3,59.69
003,Mental health,Therapist,59.38,3,semantic,0.3,59.38
005,Dental technician,Specialist Practitioner,59.36,2,semantic,0.3,59.36
001,Dental technician,Assistant Practitioner,59.35,3,semantic,0.3,59.35
003,Clinical physiology,Specialist Healthcare Scientist,58.92,3,semantic,0.3,58.92
005,Neonatal midwifery,Children's Nurse,58.34,3,semantic,0.3,58.34
001,Midwifery (exc neonatal),Nursery Nurse,58.27,2,semantic,0.3,58.27
000b,Staff nursery,Trainee Nursing Associate,57.94,3,semantic,0.3,57.94
006,Multi skilled,Technician,56.87,1,semantic,0.3,56.87
002,Multi skilled,Trainee / Student,55.87,2,semantic,0.3,55.87
005,Paediatrics,Specialist Practitioner,55.34,1,semantic,0.3,55.34
002,Physiotherapy,Trainee Healthcare Scientist,54.96,3,semantic,0.3,54.96
004,Sexual and reproductive health nursing,Nursing Assistant Practitioner,54.41,2,semantic,0.3,54.41
002,Management grades (non AfC),Manager,54.32,1,semantic,0.3,54.32
004,Management grades (non AfC),Manager,54.32,2,semantic,0.3,54.32
004,Clinical photographer / illustration physical,Healthcare Scientist,54.17,1,semantic,0.3,54.17
007,General services,Clerical & administrative,53.81,2,semantic,0.3,53.81
001,General services,Clerical & administrative,53.81,1,semantic,0.3,53.81
006,General services,Clerical & administrative,53.81,3,semantic,0.3,53.81
000a,Sexual and reproductive health nursing,Nursing Associate,53.8,3,semantic,0.3,53.8
003,Arts therapy (art / music / drama),Therapist,53.4,1,semantic,0.3,53.4
006,Social work,Support Worker,53.19,3,semantic,0.3,53.19
010,Social work,Support Worker,53.19,1,semantic,0.3,53.19
005,Social work,Support Worker,53.19,2,semantic,0.3,53.19
004,Health visiting,Healthcare Scientist,52.98,2,semantic,0.3,52.98
003,Clinical photographer / illustration physical,Specialist Healthcare Scientist,52.83,2,semantic,0.3,52.83
004,Radiography - theraputic,Scientist,52.38,1,semantic,0.3,52.38
005,Midwifery (exc neonatal),Children's Nurse,51.63,3,semantic,0.3,51.63
002,Clinical photographer / illustration physical,Trainee Healthcare Scientist,51.51,3,semantic,0.3,51.51
001,Health visiting,Healthcare Science Associate,50.98,3,semantic,0.3,50.98
004,Other,Scientist,50.94,2,semantic,0.3,50.94
004,Pharmacy,Healthcare Scientist,50.38,1,semantic,0.3,50.38
004,Prosthetics,Advanced Paramedic,50.09,1,semantic,0.3,50.09
001,Health promotion,Healthcare Science Associate,49.51,2,semantic,0.3,49.51
004,Pharmacy,Healthcare Assistant,49.31,2,semantic,0.3,49.31
005,Pharmacy,Healthcare Assistant,49.31,3,semantic,0.3,49.31
006,Prosthetics,Paramedic,49.1,2,semantic,0.3,49.1
003,Radiography - theraputic,Specialist Healthcare Scientist,48.74,2,semantic,0.3,48.74
005,Dental hygienist-therapist,Specialist Practitioner,48.68,1,semantic,0.3,48.68
099,Podiatry,Unknown,48.66,1,semantic,0.3,48.66
001,Clinical psychology and counselling,Consultant Healthcare Scientist,48.65,3,semantic,0.3,48.65
008,Residential / day care,Estates (maintenance & works),48.59,2,semantic,0.3,48.59
007,Residential / day care,Estates (maintenance & works),48.59,3,semantic,0.3,48.59
002,Residential / day care,Estates (maintenance & works),48.59,1,semantic,0.3,48.59
001,Genetic counselling,Consultant Therapist / Scientist,48.35,1,semantic,0.3,48.35
005,Radiography - theraputic,Scientific Officer,48.24,3,semantic,0.3,48.24
005,Multi skilled,Specialist Practitioner,48.14,3,semantic,0.3,48.14
010,Sterile services life,Emergency / Urgent Care Support Worker,48.11,1,semantic,0.3,48.11
005,Radiography - diagnostic,Scientific Officer,48.03,1,semantic,0.3,48.03
004,Radiography - diagnostic,Scientist,47.99,2,semantic,0.3,47.99
004,Health promotion,Healthcare Scientist,47.94,3,semantic,0.3,47.94
003,Radiography - diagnostic,Specialist Healthcare Scientist,47.92,3,semantic,0.3,47.92
001,Arts therapy (art / music / drama),Consultant Therapist / Scientist,47.92,2,semantic,0.3,47.92
008,Paediatrics,Assistant Practitioner,47.87,3,semantic,0.3,47.87
001,Paediatrics,Assistant Practitioner,47.87,2,semantic,0.3,47.87
001,Management grades (non AfC),Clerical & administrative,47.05,3,semantic,0.3,47.05
099,Not assimilated / not known,Unknown,46.84,1,semantic,0.3,46.84
099,Not assimilated / not known,Unknown,46.84,1,semantic,0.3,46.84
099,Not assimilated / not known,Unknown,46.84,1,semantic,0.3,46.84
099,Not assimilated / not known,Unknown,46.84,1,semantic,0.3,46.84
099,Not assimilated / not known,Unknown,46.84,1,semantic,0.3,46.84
099,Not assimilated / not known,Unknown,46.84,1,semantic,0.3,46.84
006,Other,Technician,46.8,3,semantic,0.3,46.8
005,Dental hygienist,Specialist Practitioner,46.6,1,semantic,0.3,46.6
003,Genetic counselling,Therapist,46.28,2,semantic,0.3,46.28
005,Dental hygienist-therapist,Healthcare Assistant,46.04,3,semantic,0.3,46.04
004,Dental hygienist-therapist,Healthcare Assistant,46.04,2,semantic,0.3,46.04
004,Dental hygienist,Healthcare Assistant,45.8,2,semantic,0.3,45.8
005,Dental hygienist,Healthcare Assistant,45.8,3,semantic,0.3,45.8
003,Chaplaincy,Therapist,45.72,1,semantic,0.3,45.72
006,Podiatry,Technician,45.43,2,semantic,0.3,45.43
006,Care at home,Health Visitor,45.29,1,semantic,0.3,45.29
004,Maxillofacial pros physical,Advanced Paramedic,44.97,1,semantic,0.3,44.97
007,Care at home,Estates (maintenance & works),43.81,2,semantic,0.3,43.81
008,Care at home,Estates (maintenance & works),43.81,3,semantic,0.3,43.81
003,Learning disabilities,Therapist,43.57,2,semantic,0.3,43.57
004,Podiatry,Scientist,42.74,3,semantic,0.3,42.74
001,Adult,Assistant Practitioner,42.66,1,semantic,0.3,42.66
008,Adult,Assistant Practitioner,42.66,2,semantic,0.3,42.66
012,EMDC / control,Ambulance Care Assistant,42.5,1,semantic,0.3,42.5
004,Orthotics,Scientist,42.5,1,semantic,0.3,42.5
003,EMDC / control,Assistant,42.42,2,semantic,0.3,42.42
001,NHS call handlers,Consultant Paramedic,42.05,1,semantic,0.3,42.05
004,NHS call handlers,Manager,41.98,2,semantic,0.3,41.98
002,NHS call handlers,Manager,41.98,3,semantic,0.3,41.98
004,Orthotics,Healthcare Scientist,41.75,2,semantic,0.3,41.75
003,Speech and language therapy,Therapist,41.71,1,semantic,0.3,41.71
003,Adult,Assistant,41.68,3,semantic,0.3,41.68
002,EMDC / control,Manager,41.68,3,semantic,0.3,41.68
002,Learning disabilities,Trainee / Student,41.67,3,semantic,0.3,41.67
006,Sterile services life,Support Worker,41.62,2,semantic,0.3,41.62
005,Sterile services life,Support Worker,41.62,3,semantic,0.3,41.62
005,Orthotics,Specialist Practitioner,41.48,3,semantic,0.3,41.48
004,Orthoptics,Scientist,41.45,1,semantic,0.3,41.45
005,Orthoptics,Specialist Practitioner,41.18,2,semantic,0.3,41.18
004,Orthoptics,Healthcare Scientist,40.26,3,semantic,0.3,40.26
001,Prosthetics,Consultant Paramedic,40.13,3,semantic,0.3,40.13
006,Hotel services,Health Visitor,39.2,1,semantic,0.3,39.2
006,Maxillofacial pros physical,Paramedic,38.91,2,semantic,0.3,38.91
001,Blood transfusion service,Consultant Paramedic,38.61,1,semantic,0.3,38.61
001,Genetic counselling,Consultant Healthcare Scientist,38.58,3,semantic,0.3,38.58
006,Blood transfusion service,Health Visitor,38.57,2,semantic,0.3,38.57
006,Blood transfusion service,Paramedic,38.43,3,semantic,0.3,38.43
008,Speech and language therapy,Tutor,38.05,2,semantic,0.3,38.05
005,Optometry,Specialist Practitioner,37.92,1,semantic,0.3,37.92
001,Chaplaincy,Consultant Therapist / Scientist,37.91,2,semantic,0.3,37.91
005,Chaplaincy,Specialist Practitioner,37.63,3,semantic,0.3,37.63
099,NHS 24,Unknown,37.32,1,semantic,0.3,37.32
002,Speech and language therapy,Trainee / Student,36.83,3,semantic,0.3,36.83
001,Optometry,Consultant Healthcare Scientist,36.78,2,semantic,0.3,36.78
004,Optometry,Healthcare Scientist,35.84,3,semantic,0.3,35.84
004,Clinical perfusion physiology,Healthcare Scientist,35.23,1,semantic,0.3,35.23
001,Theatre services,Assistant Practitioner,35.17,1,semantic,0.3,35.17
008,Theatre services,Assistant Practitioner,35.17,2,semantic,0.3,35.17
004,Clinical perfusion physiology,Advanced Paramedic,35.14,2,semantic,0.3,35.14
005,Central functions,Specialist Practitioner,35.05,1,semantic,0.3,35.05
004,NHS 24,Scientist,35.01,2,semantic,0.3,35.01
004,Dietetics,Scientist,34.63,1,semantic,0.3,34.63
003,Theatre services,Assistant,34.4,3,semantic,0.3,34.4
003,Clinical perfusion physiology,Specialist Healthcare Scientist,34.34,3,semantic,0.3,34.34
006,Driver,Technician,34.12,1,semantic,0.3,34.12
001,Arts therapy (art / music / drama),Assistant Practitioner,33.86,3,semantic,0.3,33.86
006,NHS 24,Technician,31.46,3,semantic,0.3,31.46
004,Maxillofacial pros physical,Scientist,31.28,3,semantic,0.3,31.28
